{
  "xgboost": {
    "accuracy": 0.7844827586206896,
    "weighted_f1": 0.7862080118669541,
    "auc_roc": 0.8552631578947368,
    "brier_score": 0.14810319052794352
  },
  "lightgbm": {
    "accuracy": 0.7931034482758621,
    "weighted_f1": 0.7942472666105971,
    "auc_roc": 0.8328947368421052,
    "brier_score": 0.16526410410632192
  },
  "top_shap_features": [
    "Glucose",
    "BMI",
    "Age",
    "DiabetesPedigreeFunction",
    "Insulin"
  ]
}