{
  "Glucose": 0.15337323683285953,
  "BMI": 0.08618896798045403,
  "Age": 0.06795793305265292,
  "DiabetesPedigreeFunction": 0.04906537333954589,
  "Insulin": 0.04343861790263256,
  "Pregnancies": 0.031553402534704705,
  "BloodPressure": 0.02282751839085237,
  "SkinThickness": 0.019011319532622136
}